Z mean train,Z variance train,KL Divergence,KL Loss,QF Loss,VF Loss,Policy Loss,Q Predictions Mean,Q Predictions Std,Q Predictions Max,Q Predictions Min,V Predictions Mean,V Predictions Std,V Predictions Max,V Predictions Min,Log Pis Mean,Log Pis Std,Log Pis Max,Log Pis Min,Policy mu Mean,Policy mu Std,Policy mu Max,Policy mu Min,Policy log std Mean,Policy log std Std,Policy log std Max,Policy log std Min,Z mean eval,Z variance eval,AverageTrainReturn_all_train_tasks,AverageReturn_all_train_tasks,AverageReturn_all_test_tasks,Number of train steps total,Number of env steps total,Number of rollouts total,Train Time (s),(Previous) Eval Time (s),Sample Time (s),Epoch Time (s),Total Train Time (s),Epoch
0.0035628197,0.0027100001,122.83743,12.283744,24.968933,16.098759,-3.9922388,-0.009621382,0.002163165,-0.0040958924,-0.016453417,0.014393538,0.0022605027,0.022162389,0.008490597,-4.0194497,0.52489287,-1.9686104,-5.75027,0.0011832145,0.0012389781,0.0047784713,-0.0030966816,-5.0435152e-05,0.0019251212,0.004990122,-0.0053322245,0.012978429,0.34011117,-42.319279289932055,-37.948745590748324,-11.561458443117164,2000,2400,0,119.21027964900713,0,2.6622663888847455,121.87254603789188,131.28876750776544,0
0.014386227,0.88865364,0.122147195,0.012214719,266.5418,74.45685,-34.75356,37.848564,12.870051,112.35858,-14.219032,41.6869,12.813516,132.27881,11.223835,-2.083342,2.032011,7.224582,-8.685684,0.017077176,0.71173733,2.1595163,-2.5873852,-0.21039861,0.09346479,0.10090362,-0.7922629,0.046366904,0.32362065,41.93824910079836,53.0355358088215,-18.38940139274704,4000,4400,0,119.63477664394304,9.417885847971775,2.1577259059995413,131.21038839791436,262.4811715547694,1
0.03542124,0.9667276,0.10679856,0.010679856,47.43258,15.056452,-63.727703,62.28878,12.748654,133.9227,34.636173,65.74605,11.682956,133.85411,42.581932,-1.8728459,2.0313504,5.8769116,-8.96486,0.0022636289,0.7189821,2.0220728,-1.8766196,-0.28303713,0.106472835,0.09087457,-0.7332454,0.02954242,0.29946774,-81.95302334103741,-109.51026964411298,-11.489300414644681,6000,6400,0,122.22421392891556,9.399909822968766,2.2323717499384657,133.8564955018228,396.35875528946053,2
0.015453999,0.82980776,0.36762694,0.036762696,68.74693,52.10969,-85.61448,88.805786,17.526196,169.09383,46.90711,91.351204,16.61196,173.82326,54.144054,-1.8359833,1.9737638,5.1092477,-8.408758,-0.023649594,0.7090326,2.0364208,-2.1505127,-0.32891622,0.11334195,0.06946638,-0.74293923,0.5491649,0.24099624,11.795306541477169,-10.737624850431501,-21.76863339452212,8000,8400,0,121.49307995894924,9.42103347205557,2.187073316774331,133.10118674777914,529.9128088974394,3
0.26380408,0.63846934,17.020039,1.7020038,31.303442,11.453914,-106.87724,103.96201,19.92088,194.50224,67.187614,106.12488,18.995197,196.63391,76.28809,-2.2581573,1.8233566,4.8336854,-9.149931,0.042066038,0.64226997,2.0680628,-2.0241501,-0.31315932,0.10726973,0.09131779,-0.7600998,0.5495819,0.19480734,-131.06305142074126,-135.31311634262204,-43.89123882638658,10000,10400,0,123.35506817803252,9.874024315970019,2.285926884971559,135.5150193789741,664.7658502204577,4
0.54281175,0.62305105,30.916302,3.0916302,38.535072,17.812223,-109.340775,108.85702,23.648993,214.72928,61.43891,110.796936,22.882235,212.73412,70.488304,-1.9785486,1.923839,6.1123457,-12.591047,0.056803606,0.6592899,2.479311,-2.6478176,-0.37880147,0.11587246,0.056800447,-0.8990476,0.4518761,0.19642356,-20.95903370856736,-19.20570543320178,-23.771991869150234,12000,12400,0,121.9190188649809,9.212201419984922,2.082886799937114,133.21410708490293,798.2422604514286,5
0.45128188,0.59366685,32.46653,3.246653,61.586166,22.118982,-135.28844,135.21556,36.972946,258.9131,61.785057,136.46497,35.844307,257.14355,77.83377,-1.8961246,1.920441,9.446349,-8.351689,-0.02580752,0.6615001,2.3051076,-2.3370926,-0.42746165,0.110731855,0.035219766,-0.92199755,0.41627735,0.2518857,54.93624909671011,57.1058916629704,44.37260211161973,14000,14400,0,120.35284872597549,9.474482274032198,2.1318194080376998,131.9591504080454,930.2181871372741,6
0.18203828,0.66225183,36.330547,3.6330547,75.04335,27.331335,-139.91408,135.26949,38.140812,267.2948,27.557957,138.69339,36.283924,272.9252,46.701206,-1.5396264,2.1058524,8.890581,-9.001448,0.039259944,0.70658815,2.299811,-2.5484245,-0.4809181,0.11596118,-0.03661044,-0.95609033,0.5050834,0.2183872,-3.1179958754362147,-27.057131391674176,50.03054466876988,16000,16400,0,118.60246059997007,9.491385750006884,2.258329541189596,130.35217589116655,1060.3667745754356,7
0.5724782,0.49247622,36.985214,3.6985214,258.2791,56.183838,-186.49043,191.59555,44.65753,377.31943,107.304245,190.62129,43.615883,364.3215,120.404335,-1.2874255,2.1029842,6.942828,-11.35117,-0.04680966,0.7157885,2.74893,-2.548503,-0.5343689,0.11804024,-0.12952587,-1.0357338,0.55236655,0.2337788,111.18600961474819,55.806606476295656,90.4098286704375,18000,18400,0,120.14588476100471,9.287942161085084,2.1731172158615664,131.60694413795136,1192.1869031630922,8
0.21515274,0.57848585,44.958233,4.4958234,110.4508,44.465145,-157.6543,153.89348,51.238968,313.20956,5.796842,156.0581,49.611534,306.13416,20.041542,-0.8901971,2.3123207,8.733971,-10.961648,0.043577496,0.7825546,3.0193813,-3.2331326,-0.54414934,0.11812679,-0.10059086,-1.0123432,0.647578,0.20547757,214.28821584446743,187.59873965083239,111.07301658029328,20000,20400,0,119.91456722293515,9.501317758928053,2.3221429771510884,131.7380279590143,1324.0099489702843,9
0.4185362,0.55478984,37.391464,3.7391465,136.60626,41.34222,-204.07857,204.90459,68.11806,392.9284,37.52102,206.16455,67.68455,383.41153,37.506676,-0.68462956,2.2442098,8.080035,-9.792577,0.009016204,0.80021584,2.6205318,-3.026339,-0.57154936,0.1171499,-0.2074697,-1.0555387,0.45950413,0.2141602,104.62279970985384,73.17414213189421,85.42800180671499,22000,22400,0,123.32305346208159,9.586500853067264,2.2520700929453596,135.1616244080942,1459.523422335391,10
0.4098405,0.44944674,41.920235,4.1920238,128.06981,87.1625,-154.6731,159.00018,77.72177,436.48578,20.718298,160.57915,79.56302,436.1225,18.686634,-0.26429364,2.305641,8.725824,-8.987893,0.081067055,0.8366174,3.1819005,-2.8845215,-0.61067206,0.11484689,-0.19936079,-1.0926435,0.5381362,0.19080855,72.37369762753741,11.863896490443613,91.97619895843776,24000,24400,0,120.98335431306623,9.938472151989117,2.2492952290922403,133.1711216941476,1592.49732001964,11
0.5299224,0.4720418,74.29903,7.4299026,206.27295,59.233204,-249.69131,249.2284,100.25084,476.15176,-51.51707,247.72359,95.87233,466.96408,-29.616667,0.20488939,2.601884,9.459684,-9.408445,-0.01701848,0.90817124,2.970739,-3.1977236,-0.61362827,0.11483235,-0.23901771,-1.1426005,0.17412391,0.21806653,121.77837259784737,46.63200143793753,53.43732825325388,26000,26400,0,114.64019353501499,9.74140986893326,2.442969548050314,126.82457295199856,1714.7440469267312,12
0.5373322,0.6009129,35.852585,3.5852585,208.23062,119.59358,-244.35458,250.37769,100.29997,517.57465,50.854336,251.80655,101.24241,520.58295,54.379284,-0.19183108,2.4821758,10.062932,-7.6192713,-0.0070787654,0.85334134,3.1740599,-2.7897618,-0.62566733,0.10650519,-0.24802385,-1.1468699,0.46199864,0.18544605,113.15823205852239,67.89475535528169,46.47050487792516,28000,28400,0,86.08280184189789,5.163572530029342,1.2388635197421536,92.48523789166939,1807.1985671725124,13
0.5811763,0.4121541,57.48192,5.748192,115.20971,46.650677,-292.16788,289.5389,98.70725,502.974,-22.097996,293.51675,97.7999,492.72684,-4.790204,0.17257036,2.5272758,9.479731,-8.545409,0.01900083,0.90180105,2.894087,-3.0309565,-0.6322601,0.106984675,-0.18670386,-1.0695564,0.50002754,0.19917096,214.82559788737927,184.74896635128215,77.18009066179853,30000,30400,0,80.49419658002444,5.133102089050226,1.265825962065719,86.89312463114038,1894.2188118554186,14
0.6298593,0.47434577,65.95882,6.595882,173.08981,78.0055,-275.31427,264.95758,103.910126,527.3087,-83.867455,270.86182,99.34284,519.202,-40.81482,0.49245676,2.7498722,11.17048,-9.498048,0.048727885,0.9437938,3.510092,-2.9154477,-0.64923465,0.104805894,-0.16870697,-1.0847487,0.4746697,0.21700346,28.940799810245032,-2.9125225677547784,90.78328928681674,32000,32400,0,86.21589542599395,5.260308567900211,1.2448876320850104,92.72109162597917,1987.0567123433575,15
0.19523796,0.5159933,20.726923,2.0726924,431.6281,408.504,-214.13562,229.6268,75.21081,477.8236,57.20206,231.49844,78.2861,480.28568,50.6323,-0.28024837,2.348183,8.342836,-9.019335,0.00012113228,0.8175407,2.934873,-3.0239534,-0.6526186,0.1009503,-0.29432482,-1.0881503,0.5739809,0.20714073,112.48911179463255,142.5149339561351,102.7151339083261,34000,34400,0,84.91580488893669,5.377300929045305,1.270675945095718,91.56378176307771,2078.398386635352,16
0.71052986,0.47815213,89.77893,8.977893,511.2801,193.45921,-304.2375,284.48016,113.25974,557.1835,-128.25787,296.5706,105.34497,561.8717,-14.845203,1.1180128,3.0333273,15.60374,-8.948487,0.07869758,1.0326836,4.1792946,-4.7858267,-0.6411527,0.109408855,-0.19649154,-1.1770399,0.44411102,0.17840993,89.48173140017983,48.18764278861143,110.58630757351236,36000,36400,0,81.06738881103229,5.155424213968217,1.2373564830049872,87.46016950800549,2165.9534960142337,17
0.57903904,0.40696603,54.337193,5.433719,194.923,63.855457,-411.78305,407.07098,66.52661,587.03,243.50627,409.6207,65.20938,603.5818,232.37885,0.3631692,2.5574527,9.576255,-9.466652,-0.047752023,0.90870816,3.1069863,-3.4631145,-0.6752102,0.090214424,-0.3490904,-1.0944588,0.59905726,0.19195297,267.6135590578995,251.97978826144154,156.51915769750778,38000,38400,0,87.79557402199134,5.250500296941027,1.3425223778467625,94.38859669677913,2260.3038666751236,18
0.8116544,0.49960423,76.11296,7.611296,207.3164,83.259636,-392.80493,388.72195,133.86705,634.9498,-56.1433,396.4265,130.10944,634.4278,-36.207947,0.28321606,2.6606963,11.278852,-10.01213,0.0035573505,0.9241354,3.4907155,-3.3790414,-0.6402841,0.10170007,-0.14005634,-1.0163708,0.7553545,0.21779999,168.70135861107235,116.21606658609298,141.5966453904478,40000,40400,0,81.5804591398919,5.212368397973478,1.292359228944406,88.08518676680978,2348.4435773717705,19
0.44413108,0.49117923,46.838192,4.6838193,118.34413,49.787716,-282.74808,279.04202,105.916916,527.06555,-24.113653,283.41653,105.669464,521.77234,-16.067806,-0.3283328,2.4641058,10.09075,-7.9719934,-5.0474206e-05,0.8538311,2.735452,-3.240895,-0.60239106,0.10388198,-0.18964297,-1.0030277,0.6001191,0.21758454,31.951784134387204,39.204541460271,143.9369859851166,42000,42400,0,86.74261439905968,5.2671386279398575,1.3093912741169333,93.31914430111647,2441.5871522628004,20
0.5189885,0.50896657,59.186905,5.9186907,104.981155,43.36335,-284.2404,278.46207,116.48832,562.9697,-30.720886,285.30133,115.01973,564.81714,-3.6223116,0.11884992,2.5597394,9.263814,-9.784527,0.05449905,0.90024203,3.0295959,-3.1647952,-0.60613877,0.11167531,-0.18146864,-1.0132099,0.51344985,0.2232614,62.67929406062007,-15.737214654753869,171.21013084215045,44000,44400,0,84.76850590505637,5.091686374973506,1.2493533638771623,91.10954564390704,2532.7493761468213,21
0.26741776,0.655172,31.133118,3.1133118,505.80286,198.13399,-372.62933,382.48663,70.3537,604.51636,217.6908,382.45786,71.19338,595.9237,215.79333,-0.3682577,2.355377,9.688007,-9.185746,-0.023688102,0.80969167,2.7740192,-3.6165853,-0.6406673,0.08743355,-0.26657376,-0.9887655,0.77733326,0.17032386,170.5892152622528,99.4132110681926,137.2362196037144,46000,46400,0,87.0639775779564,5.144426550948992,1.257412166101858,93.46581629500724,2626.2427598159993,22
0.7975322,0.41100177,99.09106,9.909106,250.5481,83.1168,-413.98535,404.59766,146.23846,668.56775,-2.8201356,412.7464,142.41374,663.111,50.517056,0.64067763,2.8366818,13.435425,-8.566988,0.10042869,0.9860126,3.743938,-3.8326416,-0.61252683,0.13566628,-0.030449845,-1.1085439,0.09770967,0.2202158,46.85942181976047,19.073756064625552,100.02344735513938,48000,48400,0,82.73169189004693,5.172242257045582,1.3239986668340862,89.2279328139266,2715.598463329021,23
0.5758139,0.55061126,44.5348,4.4534802,252.40508,133.34087,-436.89767,437.00635,113.427574,651.2221,110.608665,443.37265,114.27999,654.3476,111.69317,-0.12783277,2.550912,10.014826,-8.75882,-0.00911027,0.84493226,3.9272716,-3.2921345,-0.6549109,0.09956922,-0.2497921,-1.0562593,0.40130958,0.22196178,114.05210507259414,173.7383051340976,74.24103985158285,50000,50400,0,82.87778745801188,5.301154837012291,1.3169292188249528,89.49587151384912,2804.9118594488828,24
0.40848756,0.49293208,46.78504,4.6785045,138.57904,58.956215,-445.07196,443.67734,125.45297,687.8776,4.718474,448.32852,125.457085,680.7496,41.908924,-0.04669222,2.5294113,9.453611,-9.345956,-0.02587839,0.87434214,2.9827814,-3.0918932,-0.6412937,0.1064887,-0.15646699,-1.0850499,0.6452206,0.21265784,49.76781363665877,22.67745026554114,115.01294579236055,52000,52400,0,88.57007459003944,5.118067667004652,1.2509646262042224,94.93910688324831,2899.920115213259,25
0.5956987,0.41972667,77.729385,7.7729387,183.77077,73.815186,-437.00476,429.46466,164.52507,753.9155,50.61688,439.1923,167.34268,780.32513,80.94391,0.5162424,2.742546,14.390602,-9.219497,0.061226957,0.9597717,3.636643,-3.5251179,-0.6098191,0.13873109,-0.048912376,-1.1367407,0.4299323,0.18468231,292.8164379320712,221.0558020864788,111.05907453426306,54000,54400,0,87.57067497400567,5.187438243068755,1.2518912501400337,94.01000446721446,2993.93359154521,26
0.47601414,0.4002936,52.435535,5.2435536,101.481384,45.56189,-351.08252,346.36932,146.87288,651.7924,75.027916,350.11768,147.52917,653.1124,82.308266,-0.21219787,2.5161393,11.728434,-10.6601095,0.02441311,0.8741096,2.885115,-3.2395906,-0.588835,0.12080623,-0.11833729,-1.0494361,0.73670614,0.26463673,166.28096167279134,176.6632676865586,178.4386052457868,56000,56400,0,83.22464055998717,5.1911111529916525,1.280134400120005,89.69588611309882,3083.67887577333,27
0.28969648,0.552076,45.398373,4.5398374,114.12216,50.075375,-408.83188,404.9314,152.3768,680.5455,85.503624,410.9061,151.20442,679.007,110.86385,-0.20779197,2.4864092,10.707682,-10.502156,0.027476992,0.855978,2.9517987,-2.9991767,-0.6184116,0.11692129,-0.16889176,-1.0727372,0.60123074,0.23137304,129.58396337650453,153.99852953399,167.38783133772196,58000,58400,0,83.68250167404767,5.240732463076711,1.3787028620718047,90.30193699919619,3173.898733444512,28
0.55297387,0.56957036,49.877098,4.98771,108.5255,42.45128,-408.8181,403.1699,148.6969,667.61835,53.285095,409.4977,147.83282,672.29706,85.20768,-0.23312604,2.4610243,7.912438,-9.523533,0.011981424,0.85190195,2.8773077,-2.8561494,-0.61417866,0.12358199,-0.17927185,-1.0903265,0.5698117,0.19766647,188.92463948335575,147.8560251513743,212.00914280203568,60000,60400,0,83.40358791791368,5.15878438600339,1.25329767994117,89.81566998385824,3263.777970574214,29
0.4468247,0.5046238,66.80702,6.680702,126.64169,43.221718,-422.01843,415.7545,186.01607,750.5323,86.83099,422.5547,185.22444,762.6542,105.64592,0.043872952,2.6151724,10.128163,-10.205353,0.028145416,0.9067213,2.9972284,-3.5471852,-0.57967263,0.13080117,-0.11136036,-1.0812547,0.5380958,0.21951315,205.0864650554629,167.8796061812629,138.46097991776605,62000,62400,0,85.95080473902635,5.222730370005593,1.2601827298058197,92.43371783883777,3356.3043990461156,30
0.4242416,0.587728,59.107925,5.910793,119.919846,54.722298,-426.273,424.08383,154.08054,730.14087,112.71911,429.34268,153.08754,718.17426,120.95982,-0.06596048,2.5134544,11.50416,-10.258129,-0.0009505317,0.8843425,2.963038,-3.224374,-0.6030207,0.12782216,-0.0772909,-1.1415431,0.6429272,0.21363597,144.27221280034507,127.2117729144339,152.53809477641082,64000,64400,0,88.06011853704695,5.315476401010528,1.2456944590667263,94.6212893971242,3450.89640219335,31
0.41954964,0.6230522,74.79675,7.4796753,261.55225,94.043625,-532.4739,531.02625,202.3994,832.51025,93.44259,537.501,203.61168,834.14594,110.448944,0.24533781,2.7477412,11.513908,-9.542502,0.017263422,0.9230019,3.116148,-3.5762553,-0.6095361,0.13185467,-0.14478803,-1.1962516,0.6208885,0.07975899,-31.428524924207597,3.375498832641081,27.080519522983288,66000,66400,0,84.61485275195446,5.286328235990368,1.2455410119146109,91.14672199985944,3541.9257183353184,32
1.0613331,0.35562462,55.22795,5.522795,724.57996,303.15186,-300.5612,280.57855,113.44728,529.1744,-20.641531,287.8811,105.69413,523.8636,19.105082,-1.2708496,2.728384,16.546621,-10.900499,0.1468077,0.7778516,4.1181936,-3.2575545,-0.4433428,0.10687085,0.10545978,-0.86102617,0.36725247,0.116591275,62.81604405555699,27.579825629218963,142.13048593486621,68000,68400,0,82.27115333499387,5.16917154903058,1.263982031145133,88.70430691516958,3630.54535714956,33
0.36066777,0.4529826,61.928635,6.1928635,105.16699,30.679218,-407.2743,404.57858,179.48679,746.55396,52.828907,405.9937,179.19759,737.6743,70.19825,-1.063913,2.3196092,8.243821,-9.605856,0.050877046,0.7723044,2.6105354,-2.8747535,-0.5109794,0.12066163,-0.061061777,-1.0007026,0.47289252,0.1175523,115.67841969074131,29.59629497820224,98.13359719355357,70000,70400,0,85.51436760695651,5.084707586909644,1.2456886050058529,91.84476379887201,3722.3962877854938,34
0.7298459,0.52141416,59.000572,5.9000573,107.47153,82.677635,-395.88333,394.16888,130.8123,646.1729,77.46991,402.53644,131.51793,654.6925,83.55913,-0.9653307,2.269507,12.427945,-10.14358,-0.031349886,0.78887725,2.512207,-3.1450357,-0.51278603,0.12870994,-0.064043075,-1.0293485,0.51803714,0.1521451,70.35154115420082,-2.8544738149395315,193.63210592651126,72000,72400,0,87.96281900093891,5.091104281018488,1.2486693781102076,94.3025926600676,3816.897929414292,35
0.9114478,0.5463477,69.29424,6.9294243,151.19586,57.266674,-480.96442,481.8121,172.63206,738.1969,56.92633,485.00488,172.93471,738.8594,64.24608,-0.63055706,2.416008,10.250147,-9.912441,-0.013686974,0.81093293,2.5824757,-2.7652545,-0.5761906,0.124031715,-0.12219157,-1.1894935,0.49215215,0.17894831,249.65417819421626,71.98453955457806,170.07704964409953,74000,74400,0,83.36638594197575,5.2903223659377545,1.384492655750364,90.04120096366387,3906.841142641031,36
0.8782691,0.4703431,40.394936,4.0394936,252.80519,107.65618,-384.54126,385.34003,74.89465,562.56555,109.843506,391.01456,76.10445,572.9606,102.775154,-1.3910536,2.0171046,6.645986,-10.326304,-0.029615147,0.6743704,2.4142394,-3.1487603,-0.58373535,0.10499699,-0.16779056,-1.1060663,0.5501553,0.23224172,216.54090955957477,112.18921947496827,98.8897043263691,76000,76400,0,85.30224861798342,5.192559040966444,1.2553331380477175,91.75014079699758,3998.527986965957,37
0.79978967,0.60897714,70.0273,7.00273,151.8936,40.65739,-461.64032,453.80307,202.60709,811.2961,87.4531,462.43286,204.35112,811.01996,97.73655,-0.24960467,2.595201,8.555487,-9.08091,0.0335668,0.8773412,3.559522,-2.8660371,-0.5592448,0.1364489,-0.120285556,-1.2506865,0.391568,0.2018754,89.63518311089857,95.91587077565289,167.66079752333667,78000,78400,0,87.45784302602988,5.129560983041301,1.2768376029562205,93.8642416120274,4092.5454645458376,38
0.22959192,0.4551186,22.01727,2.201727,280.08667,94.19399,-297.4403,296.6429,59.44775,433.466,52.757347,301.2155,59.90883,435.01605,52.866398,-1.5576532,1.9238796,7.867485,-10.093544,-0.0825384,0.65245914,2.5268936,-3.0202975,-0.5556023,0.10269573,-0.19614762,-1.080694,0.60854524,0.26202697,291.5290512914513,321.4388868300792,225.37195837699358,80000,80400,0,81.24330393702257,5.2829976649954915,1.2597312110010535,87.78603281301912,4180.35008150409,39
1.3826222,0.7914835,65.37065,6.537065,223.8636,58.87924,-360.57623,352.40463,79.11248,552.05066,73.87955,361.1018,77.894585,559.9821,90.261215,-0.9075818,2.4434757,11.439771,-9.150818,0.033162788,0.7872982,3.147736,-3.086544,-0.5523097,0.12294062,-0.05345556,-1.0941473,0.2083048,0.18740474,179.3328680825745,152.71802729534642,229.20802721659248,82000,82400,0,87.01609967497643,5.301817892002873,1.275457710842602,93.5933752778219,4273.773957039695,40
0.39631933,0.52785766,66.63513,6.663513,156.46292,63.996174,-487.0929,473.19434,177.69014,775.07367,98.85951,481.91788,179.15744,783.07367,99.632256,-0.334479,2.5614028,10.015886,-9.203051,0.020887153,0.8559858,2.7561898,-3.2255547,-0.5717952,0.12778239,-0.14608398,-1.1609128,0.26653147,0.22306685,153.37241089226217,-17.391961397160657,146.79265378934818,84000,84400,0,86.45972487598192,5.132565669948235,1.250660213874653,92.84295075980481,4366.8405930055305,41
0.27135926,0.58512974,27.471874,2.7471874,185.02332,87.101395,-373.46603,371.4485,116.25753,626.3003,77.55877,378.24252,117.24943,631.00183,86.47196,-1.1268108,2.1387014,8.09415,-9.40352,-0.038926825,0.7257389,2.7746027,-2.8120039,-0.57199883,0.11052242,-0.18246725,-1.1362215,0.53541684,0.23323338,323.0710531099852,359.2682902678806,193.03189624417666,86000,86400,0,85.67130126198754,5.356754779000767,1.266552265966311,92.29460830695461,4458.841426668223,42
0.6006599,0.5885659,55.942886,5.594289,95.37571,33.208782,-397.44528,393.4791,144.88579,766.8678,109.31439,397.3421,143.50363,756.2591,134.9718,-0.34194747,2.5890205,9.899977,-9.361928,0.028184714,0.8828594,2.971849,-3.0585957,-0.5294636,0.12407446,-0.13067107,-1.1479985,0.17487097,0.21770024,329.80967377825243,340.0602540784941,253.56482835978994,88000,88400,0,84.401307379012,5.062974811997265,1.2499175800476223,90.71419977105688,4549.63012883137,43
0.082305625,0.40501985,56.560925,5.6560926,166.44466,65.76571,-533.048,523.69885,132.83153,728.8703,59.04939,531.4668,133.19316,735.94635,87.706436,-0.3963356,2.5648463,10.410707,-8.925112,-0.026148232,0.8281325,2.7039087,-2.9175744,-0.5968564,0.11816273,-0.14923841,-1.2671592,0.63843274,0.32902908,236.39087200149174,200.2863980235584,173.50142887311375,90000,90400,0,79.66859380493406,5.137712731026113,1.2423798269592226,86.0486863629194,4635.817512697307,44
0.43159133,0.5874013,37.28936,3.728936,111.195496,48.585133,-429.4502,418.56445,122.25478,657.0972,23.858831,426.1835,120.93394,659.4225,60.154198,-0.65940773,2.4015312,11.601377,-9.267197,-0.016972037,0.80741835,3.1812406,-3.2629383,-0.5574462,0.11991771,-0.16963893,-1.2017626,0.69405895,0.31106573,359.2475398190229,354.10293161047946,262.17580476158247,92000,92400,0,85.42412123898976,5.2767040870385244,1.2916832950431854,91.99250862107147,4727.781157593359,45
0.51665634,0.7371044,54.21833,5.421833,108.611176,39.489616,-506.86386,503.4123,143.86638,769.02747,140.08513,505.78485,145.25577,765.94794,134.83199,-0.19406953,2.5999663,9.515108,-9.922251,-0.0013706266,0.88079697,2.752518,-3.024822,-0.5606728,0.1262009,-0.11462309,-1.1685152,0.19037269,0.21829541,234.88388993948985,186.08393912303998,150.2266672826698,94000,94400,0,85.05051361199003,5.2480824360391125,1.2696515240240842,91.56824757205322,4819.405538701452,46
0.5405228,0.59642255,66.68532,6.668532,131.67189,45.8232,-490.60687,482.86206,160.39062,793.20264,92.35454,491.1373,158.74712,793.66846,105.26173,-0.19173685,2.6213517,10.091156,-10.711794,0.038416322,0.88597864,3.0682082,-2.9891396,-0.5579575,0.13662411,-0.0791696,-1.252884,0.15513556,0.19513783,221.72791819931163,-15.182446219017848,55.778534279355256,96000,96400,0,81.07729874004144,5.304987935000099,1.2588820711243898,87.64116874616593,4906.9301719118375,47
0.5047155,0.35787764,30.297606,3.0297606,248.86209,91.64788,-376.7483,373.62134,131.66373,701.6556,-12.863133,378.46094,131.96863,706.8716,-5.0110145,-1.2261397,2.2383811,7.036175,-10.128024,-0.08446228,0.71251243,2.3310792,-2.610166,-0.5563757,0.11414262,-0.061302215,-1.1757181,0.13898568,0.22601259,210.82256482834026,99.33638677918351,270.5843900332537,98000,98400,0,84.90770195797086,5.188238292001188,1.2595997389871627,91.35553998895921,4998.438995924662,48
0.50912493,0.65896106,44.272697,4.42727,78.96324,35.46262,-490.73602,486.11993,132.23407,717.59186,80.4065,492.24414,132.0654,714.5173,67.470695,-0.5011975,2.474859,9.4025955,-11.049805,-0.05071525,0.83679324,2.6268392,-2.7162762,-0.56687266,0.12929277,-0.105559796,-1.1922822,0.18391621,0.18994364,361.2667789840511,378.61303155164455,144.0816190128401,100000,100400,0,89.78768890502397,5.341766407014802,1.2641549677355215,96.3936102797743,5094.640619658632,49
0.58691025,0.83565634,37.323452,3.7323453,180.56763,66.337524,-490.1231,482.34644,149.30492,783.3327,23.106272,489.66888,150.32341,784.0678,47.14551,-0.7249421,2.438888,9.414479,-9.891411,-0.045775797,0.7906019,2.4828808,-2.7476478,-0.57004696,0.12600556,-0.16637737,-1.2099249,1.500737,0.3541209,202.8104632115211,100.57735974644342,252.17974804836282,102000,102400,0,86.8992468859069,5.150053616031073,1.2543362440774217,93.3036367460154,5188.068751080544,50
1.1509792,0.95297635,236.53845,23.653845,289.74548,41.265125,-912.20575,909.08057,191.14635,1240.6718,250.6691,913.1383,191.44826,1245.7284,232.20706,-0.9474939,2.4373548,8.870735,-10.597967,-0.049795188,0.82589996,2.6463795,-2.7428467,-0.45924994,0.122208506,-0.008685663,-0.94036925,0.3588137,0.27800375,203.99685491823533,203.08523986876025,145.6043561620853,104000,104400,0,84.02345774509013,5.274834398995154,1.3030321799451485,90.60132432403043,5278.602120918571,51
0.50546634,0.6808707,64.93147,6.4931474,145.67737,34.422443,-464.85596,458.75357,153.13776,747.454,43.087006,466.61102,151.83353,745.9931,69.561935,-1.3878042,2.4934466,9.331928,-10.329171,-0.09931466,0.7705557,2.7924924,-3.3283272,-0.42659682,0.12512287,0.031163193,-0.9535234,0.4894763,0.28379467,255.012444552578,269.5796724042923,254.6868854319098,106000,106400,0,79.72262656490784,5.207336032064632,1.260469692060724,86.1904322890332,5365.086399266613,52
0.7926263,0.63739514,69.76338,6.9763384,91.65909,32.664955,-485.32635,478.37265,126.332924,704.07,54.696953,482.93475,125.20099,704.4545,52.453785,-1.3887907,2.2927432,9.878103,-8.023062,-0.028764764,0.7414429,2.4347425,-3.0531845,-0.45319456,0.14380284,-0.04783775,-1.230205,0.42053956,0.33548722,296.8991917202844,344.4841825585015,212.87772213856334,108000,108400,0,87.95045591902453,5.501392315025441,1.2533838973613456,94.70523213141132,5459.473508792929,53
0.40844685,0.7687043,27.91282,2.7912822,174.68634,45.317135,-331.51968,328.02023,67.609474,468.24435,-6.888438,332.18524,68.1274,459.9218,0.19137722,-1.8420744,2.0881047,6.7629833,-10.9098625,-0.12827034,0.6392172,2.4615033,-2.686918,-0.48182997,0.14095892,-0.095291734,-1.2927202,0.420362,0.21355787,416.5108767835494,348.77758414573515,303.6504781330353,110000,110400,0,81.01488876598887,5.183436459978111,1.3335464268457144,87.5318716528127,5546.951255387743,54
0.7442349,0.5061343,58.423008,5.842301,88.16358,24.052158,-417.4667,412.8461,79.00483,601.6319,-55.547516,417.92627,78.64747,604.5169,-35.68977,-1.3739971,2.1581929,6.939847,-8.887626,-0.086702615,0.72582203,2.2993426,-2.8639624,-0.4800321,0.14888358,0.08901054,-1.2341285,0.36005342,0.30497256,409.5432778435505,399.4091165155063,220.2121752381683,112000,112400,0,84.49372329597827,5.129581333952956,1.255407166783698,90.87871179671492,5637.8735102146165,55
0.17193678,0.97379065,21.530962,2.1530962,212.42046,50.270508,-438.97665,436.83148,114.96001,699.91284,30.437218,442.19385,117.38391,696.1057,53.44425,-1.5380652,2.1002622,8.521006,-9.914696,-0.06837971,0.68799293,2.8463101,-3.0676148,-0.49847972,0.13324507,0.010730326,-1.2224569,0.28733525,0.32799008,373.5960439961661,253.819855919963,418.0562724682387,114000,114400,0,85.77551884308923,5.173405495006591,1.2473444021306932,92.19626874022651,5730.037863176665,56
0.59043586,0.41761738,88.799324,8.879932,105.88302,25.482592,-539.32074,532.1986,166.02078,840.62274,1.4794637,540.1515,166.1695,857.94324,1.6068659,-0.7524435,2.4517689,10.4956875,-9.477474,-0.0585297,0.82390976,2.4203424,-3.132597,-0.49812058,0.15845534,-0.053514034,-1.2920423,0.36684388,0.27361113,449.9238158765196,447.91735446958205,321.29445482843556,116000,116400,0,84.3982840970857,5.1417660739971325,1.2557206831406802,90.79577085422352,5820.951639359817,57
0.18445714,0.92660254,31.230255,3.1230257,162.04369,60.18589,-452.5283,450.57062,118.34993,680.6103,-43.80979,455.73315,119.72522,690.143,-24.445616,-1.2802502,2.2022572,7.5980473,-9.184106,-0.024418442,0.7169626,2.6444693,-2.9195514,-0.52569187,0.1400601,-0.13315424,-1.1844735,0.59362674,0.24619117,336.9069152718414,325.525097198733,218.37550528543028,118000,118400,0,85.47821152105462,5.260012099053711,1.2988662460120395,92.03708986612037,5912.9815359528875,58
0.5408272,0.4884832,46.850723,4.6850724,202.10931,51.958767,-384.25916,380.40692,80.58739,543.33417,-80.70321,387.37164,80.65293,554.3005,-73.8035,-1.4006579,2.0836656,8.457439,-8.947772,-0.05628709,0.6993267,3.643105,-2.9410114,-0.50746965,0.15951377,-0.06908628,-1.381071,0.724121,0.3914854,80.45730089437032,21.810336224977448,34.90338909037166,120000,120400,0,89.66799650201574,5.2531565258977935,1.2615165162133053,96.18266954412684,6009.180120061035,59
3.2183597,0.75974715,452.89377,45.28938,121.61299,36.39803,-625.17236,619.0617,215.1959,1295.5542,34.424297,623.8462,216.08665,1285.5133,83.34449,-1.8869197,2.0446076,8.331062,-10.046322,-0.15362085,0.6914514,2.622668,-3.8045206,-0.31414065,0.14846006,0.05866652,-1.1814365,1.6667494,0.312541,130.6047620175263,16.971163975957587,-2.2336468663296465,122000,122400,0,83.66210046398919,5.2693818979896605,1.2531557759502903,90.18463813792914,6099.359942419222,60
1.1976266,0.51392275,61.714382,6.171438,82.87233,23.324667,-376.3626,372.26987,73.33683,470.81943,-101.64814,376.34247,72.991066,469.3583,-102.30501,-2.7409482,1.570819,5.1081276,-9.383742,0.009206016,0.49149877,2.544488,-2.0854328,-0.3838092,0.15332201,0.25664112,-1.1861446,0.46026054,0.22683306,324.52098753362014,133.84694018260683,151.90256303615732,124000,124400,0,87.26708405395038,5.2648135649506,1.2634515339741483,93.79534915287513,6193.14795057883,61
